,file_name,recall_0.1,recall_0.25,recall_0.5,recall_0.75,recall_0.9,wss_0.95,loss,erf_0.1,atd,tp_0.1,tp_0.25,tp_0.5,tp_0.75,tp_0.9,fp_0.1,fp_0.25,fp_0.5,fp_0.75,fp_0.9,tn_0.1,tn_0.25,tn_0.5,tn_0.75,tn_0.9,fn_0.1,fn_0.25,fn_0.5,fn_0.75,fn_0.9,tnr_0.1,tnr_0.25,tnr_0.5,tnr_0.75,tnr_0.9
0,metrics_sim_Donners_2021_abstract_keywords.json,0.6428571428571429,0.9285714285714286,0.9285714285714286,0.9285714285714286,1.0,0.65625,0.10271546635182999,0.5714285714285714,32.357142857142854,1,3,7,10,12,0,1,13,17,34,242,241,229,225,208,13,11,7,4,2,1.0,0.995868,0.946281,0.929752,0.859504
