,file_name,recall_0.1,recall_0.25,recall_0.5,recall_0.75,recall_0.9,wss_0.95,loss,erf_0.1,atd,tp_0.1,tp_0.25,tp_0.5,tp_0.75,tp_0.9,fp_0.1,fp_0.25,fp_0.5,fp_0.75,fp_0.9,tn_0.1,tn_0.25,tn_0.5,tn_0.75,tn_0.9,fn_0.1,fn_0.25,fn_0.5,fn_0.75,fn_0.9,tnr_0.1,tnr_0.25,tnr_0.5,tnr_0.75,tnr_0.9
0,metrics_sim_Chou_2004_abstract.json,0.25,0.375,0.625,1.0,1.0,0.13022113022113022,0.38657407407407407,0.125,630.75,8,2,4,6,7,1113,51,710,965,1104,507,1569,910,655,516,0,6,4,2,1,0,0.968519,0.561728,0.404321,0.318519
