,file_name,recall_0.1,recall_0.25,recall_0.5,recall_0.75,recall_0.9,wss_0.95,loss,erf_0.1,atd,tp_0.1,tp_0.25,tp_0.5,tp_0.75,tp_0.9,fp_0.1,fp_0.25,fp_0.5,fp_0.75,fp_0.9,tn_0.1,tn_0.25,tn_0.5,tn_0.75,tn_0.9,fn_0.1,fn_0.25,fn_0.5,fn_0.75,fn_0.9,tnr_0.1,tnr_0.25,tnr_0.5,tnr_0.75,tnr_0.9
0,metrics_sim_Brouwer_2019_abstract_keywords.json,1.0,1.0,1.0,1.0,1.0,0.8936555415617129,0.008945285253484215,0.9016393442622951,371.37704918032784,6,15,30,45,54,19,30,106,243,714,38032,38021,37945,37808,37337,55,46,31,16,7,0.999501,0.999212,0.997214,0.993614,0.981236
