,file_name,recall_0.1,recall_0.25,recall_0.5,recall_0.75,recall_0.9,wss_0.95,loss,erf_0.1,atd,tp_0.1,tp_0.25,tp_0.5,tp_0.75,tp_0.9,fp_0.1,fp_0.25,fp_0.5,fp_0.75,fp_0.9,tn_0.1,tn_0.25,tn_0.5,tn_0.75,tn_0.9,fn_0.1,fn_0.25,fn_0.5,fn_0.75,fn_0.9,tnr_0.1,tnr_0.25,tnr_0.5,tnr_0.75,tnr_0.9
0,metrics_sim_Appenzeller-Herzog_2019_abstract_keywords.json,0.88,0.96,0.96,1.0,1.0,0.765586903517938,0.058425860857343644,0.8,179.28,2,6,12,18,22,5,20,49,117,207,2841,2826,2797,2729,2639,23,19,13,7,3,0.998243,0.992973,0.982783,0.95889,0.927266
