,file_name,recall_0.1,recall_0.25,recall_0.5,recall_0.75,recall_0.9,wss_0.95,loss,erf_0.1,atd,tp_0.1,tp_0.25,tp_0.5,tp_0.75,tp_0.9,fp_0.1,fp_0.25,fp_0.5,fp_0.75,fp_0.9,tn_0.1,tn_0.25,tn_0.5,tn_0.75,tn_0.9,fn_0.1,fn_0.25,fn_0.5,fn_0.75,fn_0.9,tnr_0.1,tnr_0.25,tnr_0.5,tnr_0.75,tnr_0.9
0,metrics_sim_Donners_2021_abstract.json,0.5,0.9285714285714286,0.9285714285714286,1.0,1.0,0.6796875,0.10802833530106257,0.42857142857142855,33.642857142857146,1,3,7,10,12,0,0,14,18,34,242,242,228,224,208,13,11,7,4,2,1.0,1.0,0.942149,0.92562,0.859504
