,file_name,recall_0.1,recall_0.25,recall_0.5,recall_0.75,recall_0.9,wss_0.95,loss,erf_0.1,atd,tp_0.1,tp_0.25,tp_0.5,tp_0.75,tp_0.9,fp_0.1,fp_0.25,fp_0.5,fp_0.75,fp_0.9,tn_0.1,tn_0.25,tn_0.5,tn_0.75,tn_0.9,fn_0.1,fn_0.25,fn_0.5,fn_0.75,fn_0.9,tnr_0.1,tnr_0.25,tnr_0.5,tnr_0.75,tnr_0.9
0,metrics_sim_van_de_Schoot_2018_abstract.json,0.972972972972973,1.0,1.0,1.0,1.0,0.8903566710700133,0.021087680355160933,0.8648648648648649,114.0,3,9,18,27,33,38,63,77,87,104,4467,4442,4428,4418,4401,34,28,19,10,4,0.991565,0.986016,0.982908,0.980688,0.976915
